model,term,coef,odds_ratio,robust_se,z,p_value,or_ci_lo,or_ci_hi
qwen7b,Intercept,-0.10461738713781099,0.9006690642375818,0.20264961972318354,-0.5162476360958231,0.6056814636247414,0.6054334435825101,1.3398743856541648
qwen7b,socio_attr_intellect,-0.02443353203604798,0.9758625503595989,0.2634112358229828,-0.09275812385037274,0.9260957198483947,0.5823290842180412,1.635342872274895
qwen7b,socio_attr_civility,0.19622801684990834,1.2168043255941443,0.24785476959656477,0.791705631363521,0.42853233799712165,0.7485873876578509,1.9778756511208393
qwen7b,socio_attr_power,0.7714241213223983,2.1628442141326003,0.25402406515638254,3.0368151176838047,0.002390920538310109,1.3146059377573454,3.558401008432329
qwen7b,socio_attr_wealth,1.2837656614514268,3.6102089857239004,0.3397656779203996,3.7783853546036745,0.00015784849082442346,1.8548891423318687,7.026624191792092
qwen7b,lang_zh,0.07088405916686973,1.0734567611820063,0.12128741024475852,0.5844304781825698,0.5589307262570526,0.8463356362371511,1.3615277069633815
qwen7b,lang_ar,0.05665886372395817,1.0582947260877116,0.12364171679694919,0.45825038014480407,0.646772568520316,0.8305402376455909,1.3485050771772322
qwen7b,lang_hi,-0.028202761168580993,0.9721912241867886,0.1354862323401543,-0.2081596091459286,0.8351043449949949,0.7454585276631467,1.2678851221256642
qwen7b,gender_male,0.05251259999456232,1.0539158413287477,0.18727112736524534,0.2804094829425791,0.7791633624399597,0.7301255234854621,1.5212981396695398
