model,test,chi2,df,p_value
qwen7b,socio_attr (vs lang+gender),70.1422681520935,4,2.118165028469539e-14
qwen7b,lang (vs socio_attr+gender),14.58159783755218,6,0.023772873809015004
qwen7b,socio_attr x lang interaction,18.83242579259604,24,0.7608663178640507
